{
  "Room_PHAERO_2_NORTH": {
    "ZONE-SUMMARY": {
      "MULTIPLICITY": 2,
      "NET_FLOOR_AREA": 49,
      "TAIRMIN": 18.94,
      "TAIRMAX": 21.07,
      "TOPMIN": 17.88,
      "TOPMAX": 19.79,
      "MAXHEATSUP": 103.612244897959,
      "ROOMUNITHEAT": 109.877551020408,
      "ROOMUNITHEATEN": 74.71,
      "ROOMUNITHEATENAREA": 1.52469387755102,
      "MAXHEATREM": 0.0,
      "ROOMUNITCOOL": 0.0,
      "ROOMUNITCOOLENAREA": 0.0,
      "ROOMUNITCOOLEN": 0.0,
      "DRYVENTCOOL": 5.48775510204082,
      "MAXSUPAIRFLOW": 1.11326547650284,
      "MAXEXHAIRFLOW": 1.10559835889607,
      "MAXSOLAR": 0.0,
      "MINRELHUM": 7.563,
      "MAXRELHUM": 8.961,
      "MAXCO2": 400,
      "MAXPPD": 25.02,
      "MAXAIRAGE": 0.969,
      "OCCUPANCY": 11,
      "H_T_OP_LO": 0.0,
      "H_T_OP_HI": 0.0,
      "H_T_AIR_LO": 0.0,
      "H_T_AIR_HI": 0.0,
      "OCC_HOURS": 2.935e-05,
      "PDH": 4.301e-06,
      "UNMET_HEAT": 0.0,
      "UNMET_COOL": 0.0,
      "TATMAXSUPAIRFLOW": 16.99
    },
    "PEAK-SUMMARY": {
      "MULTIPLICITY": 2,
      "PEAK_TIME": 3945914067,
      "PEAK_TIME_2NDSNAP": false,
      "PEAK": false,
      "MAXHEATSUP": 5077,
      "ROOMUNITHEAT": 5384,
      "WINHEATLOSS": 1042,
      "SURFHEATLOSS": 3260,
      "VENTHEATLOSS": 322.5,
      "TAIR": 20.76,
      "TOP": 19.47,
      "CO2": 400,
      "SUPAIRFLOW": 54.5333110702955,
      "SUPAIRTEMP": 16.99,
      "RETAIRFLOW": -53.8654199365503,
      "OTHERSUPAIRFLOW": 1.63299382200701,
      "OTHERSUPAIRTEMP": -12.84,
      "RELHUM": 7.693,
      "PPD": 15.68,
      "QWCB": -2442,
      "QINTW": -1020,
      "QWIND": -1077,
      "QVENTIL": -248.1,
      "QL_A": -66.37,
      "Q_OCC": 0.0001221,
      "Q_EQUIP": 0.0,
      "Q_LIGHT": 0.0,
      "Q_HEAT": 5384,
      "Q_COOL": 0.0,
      "Q_LOSS": 0.0,
      "SETPOINT": 21,
      "PEAK_TYPE": "MAXHEATSUP"
    }
  },
  "Room_PHAERO_2_SOUTH": {
    "ZONE-SUMMARY": {
      "MULTIPLICITY": 2,
      "NET_FLOOR_AREA": 49,
      "TAIRMIN": 18.96,
      "TAIRMAX": 21.07,
      "TOPMIN": 18.04,
      "TOPMAX": 19.94,
      "MAXHEATSUP": 82.7755102040816,
      "ROOMUNITHEAT": 89.0204081632653,
      "ROOMUNITHEATEN": 51.57,
      "ROOMUNITHEATENAREA": 1.05244897959184,
      "MAXHEATREM": 0.0,
      "ROOMUNITCOOL": 0.0,
      "ROOMUNITCOOLENAREA": 0.0,
      "ROOMUNITCOOLEN": 0.0,
      "DRYVENTCOOL": 5.48571428571429,
      "MAXSUPAIRFLOW": 1.11326547650284,
      "MAXEXHAIRFLOW": 1.10559835889607,
      "MAXSOLAR": 0.0,
      "MINRELHUM": 7.563,
      "MAXRELHUM": 8.946,
      "MAXCO2": 400,
      "MAXPPD": 23.84,
      "MAXAIRAGE": 0.969,
      "OCCUPANCY": 11,
      "H_T_OP_LO": 0.0,
      "H_T_OP_HI": 0.0,
      "H_T_AIR_LO": 0.0,
      "H_T_AIR_HI": 0.0,
      "OCC_HOURS": 2.935e-05,
      "PDH": 4.109e-06,
      "UNMET_HEAT": 0.0,
      "UNMET_COOL": 0.0,
      "TATMAXSUPAIRFLOW": 16.99
    },
    "PEAK-SUMMARY": {
      "MULTIPLICITY": 2,
      "PEAK_TIME": 3945914067,
      "PEAK_TIME_2NDSNAP": false,
      "PEAK": false,
      "MAXHEATSUP": 4056,
      "ROOMUNITHEAT": 4362,
      "WINHEATLOSS": 100.7,
      "SURFHEATLOSS": 3204,
      "VENTHEATLOSS": 322.4,
      "TAIR": 20.76,
      "TOP": 19.61,
      "CO2": 400,
      "SUPAIRFLOW": 54.5333110702955,
      "SUPAIRTEMP": 16.99,
      "RETAIRFLOW": -53.8654199365503,
      "OTHERSUPAIRFLOW": 1.63299382200701,
      "OTHERSUPAIRTEMP": -12.84,
      "RELHUM": 7.692,
      "PPD": 15.02,
      "QWCB": -2183,
      "QINTW": -1232,
      "QWIND": -104.1,
      "QVENTIL": -248.2,
      "QL_A": -66.37,
      "Q_OCC": 0.0001221,
      "Q_EQUIP": 0.0,
      "Q_LIGHT": 0.0,
      "Q_HEAT": 4362,
      "Q_COOL": 0.0,
      "Q_LOSS": 0.0,
      "SETPOINT": 21,
      "PEAK_TYPE": "MAXHEATSUP"
    }
  },
  "Room_PHAERO_2_EAST": {
    "ZONE-SUMMARY": {
      "MULTIPLICITY": 2,
      "NET_FLOOR_AREA": 49,
      "TAIRMIN": 18.94,
      "TAIRMAX": 21.07,
      "TOPMIN": 17.92,
      "TOPMAX": 19.83,
      "MAXHEATSUP": 96.8775510204082,
      "ROOMUNITHEAT": 103.142857142857,
      "ROOMUNITHEATEN": 66.85,
      "ROOMUNITHEATENAREA": 1.36428571428571,
      "MAXHEATREM": 0.0,
      "ROOMUNITCOOL": 0.0,
      "ROOMUNITCOOLENAREA": 0.0,
      "ROOMUNITCOOLEN": 0.0,
      "DRYVENTCOOL": 5.48571428571429,
      "MAXSUPAIRFLOW": 1.11326547650284,
      "MAXEXHAIRFLOW": 1.10559835889607,
      "MAXSOLAR": 0.0,
      "MINRELHUM": 7.563,
      "MAXRELHUM": 8.958,
      "MAXCO2": 400,
      "MAXPPD": 24.69,
      "MAXAIRAGE": 0.969,
      "OCCUPANCY": 11,
      "H_T_OP_LO": 0.0,
      "H_T_OP_HI": 0.0,
      "H_T_AIR_LO": 0.0,
      "H_T_AIR_HI": 0.0,
      "OCC_HOURS": 2.935e-05,
      "PDH": 4.249e-06,
      "UNMET_HEAT": 0.0,
      "UNMET_COOL": 0.0,
      "TATMAXSUPAIRFLOW": 16.99
    },
    "PEAK-SUMMARY": {
      "MULTIPLICITY": 2,
      "PEAK_TIME": 3945914067,
      "PEAK_TIME_2NDSNAP": false,
      "PEAK": false,
      "MAXHEATSUP": 4747,
      "ROOMUNITHEAT": 5054,
      "WINHEATLOSS": 647,
      "SURFHEATLOSS": 3330,
      "VENTHEATLOSS": 322.4,
      "TAIR": 20.76,
      "TOP": 19.5,
      "CO2": 400,
      "SUPAIRFLOW": 54.5333110702955,
      "SUPAIRTEMP": 16.99,
      "RETAIRFLOW": -53.8654199365503,
      "OTHERSUPAIRFLOW": 1.63299382200701,
      "OTHERSUPAIRTEMP": -12.84,
      "RELHUM": 7.693,
      "PPD": 15.51,
      "QWCB": -2529,
      "QINTW": -1011,
      "QWIND": -668.9,
      "QVENTIL": -248.1,
      "QL_A": -66.37,
      "Q_OCC": 0.0001221,
      "Q_EQUIP": 0.0,
      "Q_LIGHT": 0.0,
      "Q_HEAT": 5054,
      "Q_COOL": 0.0,
      "Q_LOSS": 0.0,
      "SETPOINT": 21,
      "PEAK_TYPE": "MAXHEATSUP"
    }
  },
  "Room_PHAERO_2_WEST": {
    "ZONE-SUMMARY": {
      "MULTIPLICITY": 2,
      "NET_FLOOR_AREA": 49,
      "TAIRMIN": 18.95,
      "TAIRMAX": 21.07,
      "TOPMIN": 17.95,
      "TOPMAX": 19.85,
      "MAXHEATSUP": 93.2857142857143,
      "ROOMUNITHEAT": 99.530612244898,
      "ROOMUNITHEATEN": 62.65,
      "ROOMUNITHEATENAREA": 1.27857142857143,
      "MAXHEATREM": 0.0,
      "ROOMUNITCOOL": 0.0,
      "ROOMUNITCOOLENAREA": 0.0,
      "ROOMUNITCOOLEN": 0.0,
      "DRYVENTCOOL": 5.48571428571429,
      "MAXSUPAIRFLOW": 1.11326547650284,
      "MAXEXHAIRFLOW": 1.10559835889607,
      "MAXSOLAR": 0.0,
      "MINRELHUM": 7.563,
      "MAXRELHUM": 8.955,
      "MAXCO2": 400,
      "MAXPPD": 24.51,
      "MAXAIRAGE": 0.969,
      "OCCUPANCY": 11,
      "H_T_OP_LO": 0.0,
      "H_T_OP_HI": 0.0,
      "H_T_AIR_LO": 0.0,
      "H_T_AIR_HI": 0.0,
      "OCC_HOURS": 2.935e-05,
      "PDH": 4.22e-06,
      "UNMET_HEAT": 0.0,
      "UNMET_COOL": 0.0,
      "TATMAXSUPAIRFLOW": 16.99
    },
    "PEAK-SUMMARY": {
      "MULTIPLICITY": 2,
      "PEAK_TIME": 3945914067,
      "PEAK_TIME_2NDSNAP": false,
      "PEAK": false,
      "MAXHEATSUP": 4571,
      "ROOMUNITHEAT": 4877,
      "WINHEATLOSS": 436.4,
      "SURFHEATLOSS": 3367,
      "VENTHEATLOSS": 322.4,
      "TAIR": 20.76,
      "TOP": 19.52,
      "CO2": 400,
      "SUPAIRFLOW": 54.5333110702955,
      "SUPAIRTEMP": 16.99,
      "RETAIRFLOW": -53.8654199365503,
      "OTHERSUPAIRFLOW": 1.63299382200701,
      "OTHERSUPAIRTEMP": -12.84,
      "RELHUM": 7.693,
      "PPD": 15.42,
      "QWCB": -2575,
      "QINTW": -1007,
      "QWIND": -451,
      "QVENTIL": -248.1,
      "QL_A": -66.37,
      "Q_OCC": 0.0001221,
      "Q_EQUIP": 0.0,
      "Q_LIGHT": 0.0,
      "Q_HEAT": 4877,
      "Q_COOL": 0.0,
      "Q_LOSS": 0.0,
      "SETPOINT": 21,
      "PEAK_TYPE": "MAXHEATSUP"
    }
  },
  "Room_PHAERO_2_INTERNAL_ONLY": {
    "ZONE-SUMMARY": {
      "MULTIPLICITY": 2,
      "NET_FLOOR_AREA": 49,
      "TAIRMIN": 18.96,
      "TAIRMAX": 21.07,
      "TOPMIN": 18.05,
      "TOPMAX": 19.95,
      "MAXHEATSUP": 81.0408163265306,
      "ROOMUNITHEAT": 87.2857142857143,
      "ROOMUNITHEATEN": 49.56,
      "ROOMUNITHEATENAREA": 1.01142857142857,
      "MAXHEATREM": 0.373673469387755,
      "ROOMUNITCOOL": 0.0,
      "ROOMUNITCOOLENAREA": 0.0,
      "ROOMUNITCOOLEN": 0.0,
      "DRYVENTCOOL": 5.48571428571429,