{
  "Room_PHAERO_1_NORTH": {
    "ZONE-SUMMARY": {
      "MULTIPLICITY": 2,
      "NET_FLOOR_AREA": 49,
      "TAIRMIN": 16.96,
      "TAIRMAX": 23.5,
      "TOPMIN": 17.69,
      "TOPMAX": 23.79,
      "MAXHEATSUP": 111.285714285714,
      "ROOMUNITHEAT": 118.204081632653,
      "ROOMUNITHEATEN": 8301.69000000577,
      "ROOMUNITHEATENAREA": 169.422244898077,
      "MAXHEATREM": 11.6244897959184,
      "ROOMUNITCOOL": 2.66734693877551e-21,
      "ROOMUNITCOOLENAREA": 6.66938775510204e-25,
      "ROOMUNITCOOLEN": 3.268e-23,
      "DRYVENTCOOL": 8.73265306122449,
      "MAXSUPAIRFLOW": 1.11428775885041,
      "MAXEXHAIRFLOW": 1.11377661767662,
      "MAXSOLAR": 33.5714285714286,
      "MINRELHUM": 3.859,
      "MAXRELHUM": 81.95,
      "MAXCO2": 562.1,
      "MAXPPD": 26.98,
      "MAXAIRAGE": 0.985,
      "OCCUPANCY": 2871,
      "H_T_OP_LO": 0.0,
      "H_T_OP_HI": 0.0,
      "H_T_AIR_LO": 0.0,
      "H_T_AIR_HI": 0.0,
      "OCC_HOURS": 4599,
      "PDH": 432.2,
      "UNMET_HEAT": 0.0,
      "UNMET_COOL": 0.0,
      "TATMAXSUPAIRFLOW": 16.99
    }
  },
  "Room_PHAERO_1_SOUTH": {
    "ZONE-SUMMARY": {
      "MULTIPLICITY": 2,
      "NET_FLOOR_AREA": 49,
      "TAIRMIN": 16.99,
      "TAIRMAX": 21.25,
      "TOPMIN": 17.83,
      "TOPMAX": 21.39,
      "MAXHEATSUP": 91.2244897959184,
      "ROOMUNITHEAT": 98.1224489795918,
      "ROOMUNITHEATEN": 6659.30000000357,
      "ROOMUNITHEATENAREA": 135.904081632726,
      "MAXHEATREM": 9.04285714285714,
      "ROOMUNITCOOL": 0.0,
      "ROOMUNITCOOLENAREA": 0.0,
      "ROOMUNITCOOLEN": 0.0,
      "DRYVENTCOOL": 5.71020408163265,
      "MAXSUPAIRFLOW": 1.11428775885041,
      "MAXEXHAIRFLOW": 1.11377661767662,
      "MAXSOLAR": 3.38979591836735,
      "MINRELHUM": 3.859,
      "MAXRELHUM": 83.59,
      "MAXCO2": 562.1,
      "MAXPPD": 25.84,
      "MAXAIRAGE": 0.985,
      "OCCUPANCY": 2871,
      "H_T_OP_LO": 0.0,
      "H_T_OP_HI": 0.0,
      "H_T_AIR_LO": 0.0,
      "H_T_AIR_HI": 0.0,
      "OCC_HOURS": 4599,
      "PDH": 437.1,
      "UNMET_HEAT": 0.0,
      "UNMET_COOL": 0.0,
      "TATMAXSUPAIRFLOW": 16.99
    }
  },
  "Room_PHAERO_1_EAST": {
    "ZONE-SUMMARY": {
      "MULTIPLICITY": 2,
      "NET_FLOOR_AREA": 49,
      "TAIRMIN": 16.97,
      "TAIRMAX": 22.47,
      "TOPMIN": 17.74,
      "TOPMAX": 22.68,
      "MAXHEATSUP": 104.551020408163,
      "ROOMUNITHEAT": 111.448979591837,
      "ROOMUNITHEATEN": 7589.30000000493,
      "ROOMUNITHEATENAREA": 154.883673469488,
      "MAXHEATREM": 10.4408163265306,
      "ROOMUNITCOOL": 0.0,
      "ROOMUNITCOOLENAREA": 0.0,
      "ROOMUNITCOOLEN": 0.0,
      "DRYVENTCOOL": 7.34489795918367,
      "MAXSUPAIRFLOW": 1.11428775885041,
      "MAXEXHAIRFLOW": 1.11377661767662,
      "MAXSOLAR": 22.0816326530612,
      "MINRELHUM": 3.859,
      "MAXRELHUM": 82.54,
      "MAXCO2": 562.1,
      "MAXPPD": 26.61,
      "MAXAIRAGE": 0.985,
      "OCCUPANCY": 2871,
      "H_T_OP_LO": 0.0,
      "H_T_OP_HI": 0.0,
      "H_T_AIR_LO": 0.0,
      "H_T_AIR_HI": 0.0,
      "OCC_HOURS": 4599,
      "PDH": 434.9,
      "UNMET_HEAT": 0.0,
      "UNMET_COOL": 0.0,
      "TATMAXSUPAIRFLOW": 16.99
    }
  },
  "Room_PHAERO_1_WEST": {
    "ZONE-SUMMARY": {
      "MULTIPLICITY": 2,
      "NET_FLOOR_AREA": 49,
      "TAIRMIN": 16.97,
      "TAIRMAX": 22.31,
      "TOPMIN": 17.75,
      "TOPMAX": 22.51,
      "MAXHEATSUP": 101.326530612245,
      "ROOMUNITHEAT": 108.244897959184,
      "ROOMUNITHEATEN": 7429.5000000046,
      "ROOMUNITHEATENAREA": 151.622448979686,
      "MAXHEATREM": 10.0918367346939,
      "ROOMUNITCOOL": 0.0,
      "ROOMUNITCOOLENAREA": 0.0,
      "ROOMUNITCOOLEN": 0.0,
      "DRYVENTCOOL": 7.13061224489796,
      "MAXSUPAIRFLOW": 1.11428775885041,
      "MAXEXHAIRFLOW": 1.11377661767662,
      "MAXSOLAR": 13.3367346938776,
      "MINRELHUM": 3.859,
      "MAXRELHUM": 82.78,
      "MAXCO2": 562.1,
      "MAXPPD": 26.49,
      "MAXAIRAGE": 0.985,
      "OCCUPANCY": 2871,
      "H_T_OP_LO": 0.0,
      "H_T_OP_HI": 0.0,
      "H_T_AIR_LO": 0.0,
      "H_T_AIR_HI": 0.0,
      "OCC_HOURS": 4599,
      "PDH": 437.2,
      "UNMET_HEAT": 0.0,
      "UNMET_COOL": 0.0,
      "TATMAXSUPAIRFLOW": 16.99
    }
  },
  "Room_PHAERO_1_INTERNAL_ONLY": {
    "ZONE-SUMMARY": {
      "MULTIPLICITY": 2,
      "NET_FLOOR_AREA": 49,
      "TAIRMIN": 16.99,
      "TAIRMAX": 21.11,
      "TOPMIN": 17.84,
      "TOPMAX": 21.22,
      "MAXHEATSUP": 89.5510204081633,
      "ROOMUNITHEAT": 96.469387755102,
      "ROOMUNITHEATEN": 6569.90000000338,
      "ROOMUNITHEATENAREA": 134.079591836804,
      "MAXHEATREM": 8.30204081632653,
      "ROOMUNITCOOL": 0.0,
      "ROOMUNITCOOLENAREA": 0.0,
      "ROOMUNITCOOLEN": 0.0,
      "DRYVENTCOOL": 5.54489795918367,
      "MAXSUPAIRFLOW": 1.11428775885041,
      "MAXEXHAIRFLOW": 1.11377661767662,
      "MAXSOLAR": 0.0,
      "MINRELHUM": 3.859,
      "MAXRELHUM": 83.81,
      "MAXCO2": 562.1,
      "MAXPPD": 25.76,
      "MAXAIRAGE": 0.985,
      "OCCUPANCY": 2871,
      "H_T_OP_LO": 0.0,
      "H_T_OP_HI": 0.0,
      "H_T_AIR_LO": 0.0,
      "H_T_AIR_HI": 0.0,
      "OCC_HOURS": 4599,
      "PDH": 437.8,
      "UNMET_HEAT": 0.0,
      "UNMET_COOL": 0.0,
      "TATMAXSUPAIRFLOW": 16.99
    }
  }
}